{
"Prompt": "",
"Picks": null,
"AppName": "Settings",
"Model": {
"TextModel": "gpt-4o",
"STTModel": "ggml-base.en"
},
"Stats": {
"openai_gpt-4o_AssistantChat1_Activities": 0.000830822582178569,
"openai_gpt-4o_AssistantChat1_Counter": 0.0009216483221867717,
"openai_gpt-4o_AssistantChat1_Settings": 0.00030977959144984753,
"openai_gpt-4o_AssistantChat1_Test": 0.0003488372726693898,
"openai_gpt-4o_AssistantChat1_test": 0.000536416169535907,
"openai_gpt-4o_AssistantChat2-code_Counter": 0.000829907869464704,
"openai_gpt-4o_AssistantChat2-code_Settings": 0.000795330639020293,
"openai_gpt-4o_AssistantChat2-code_Test": 0.00037677549905431673,
"openai_gpt-4o_AssistantChat2-code_test": 0.00024691977588376876,
"openai_gpt-4o_AssistantChat2-create_Test": 0.0005102523004221328,
"openai_gpt-4o_AssistantChat2-create_test": 0.0006337961687113415,
"openai_gpt-4o_AssistantChat2-open_Activities": 0.0004426674335816577,
"openai_gpt-4o_AssistantChat2-open_Counter": 0.0008667054729587494,
"openai_gpt-4o_AssistantChat2-open_test": 0.00110965677072356
}
}