{
"Count": 2,
"NumOfLines": 5,
"MapCam": {
"Lon": 15.390129089355469,
"Lat": 50.38765829639807,
"Zoom": 9
},
"Items": [
"ahojky",
"a",
"c",
"d"
]
}