{
"Count": 0,
"NumOfLines": 7,
"MapCam": {
"Lon": 15.440940856933594,
"Lat": 50.42616889542181,
"Zoom": 9
},
"Items": [
"ahojky",
"a",
"c",
"d"
]
}