{
"Count": -2,
"Items": [
"a",
"b",
"c",
"d"
],
"Cam": {
"Lon": 16.178719997406006,
"Lat": 50.40371046217842,
"Zoom": 12
}
}