{
"Count": -1,
"NumOfLines": 5,
"MapCam": {
"Lon": 16.01909637451172,
"Lat": 50.35262149949724,
"Zoom": 8
},
"Items": [
"ahojky",
"a",
"c",
"d"
]
}